﻿{
  "ID": "do_CoverFlowView",
  "IsContainer": "0",
  "Type": "UI",
  "Name": "画廊视图",
  "Version": "Internal",
  "Description": "这个UI组件包含多个子视图，实现多个子视图之间左右平缓滑动效果；该组件支持设置多个模板视图，要求多个模板大小相同",
  "Icon": "https://do-store.oss-cn-beijing.aliyuncs.com/D/20160121/do_CoverFlowView/cover.jpg",
  "IOS": {
    "Support": 1,
    "MinVersion": "7.0"
  },
  "Android": {
    "Support": 1,
    "MinVersion": "4.0"
  },
  "Windows": {
    "Support": 1,
    "MinVersion": "10"
  },
  "WindowsPhone": {
    "Support": 1,
    "MinVersion": "10"
  },
  "Html": {
    "Support": 1,
    "MinVersion": "5.0"
  },
  "Properties": [
    {
      "ID": "index",
      "Name": "当前滑动View索引",
      "Type": "Number",
      "Type_JavaScript": "Number",
      "DefaultValue": "0",
      "EditType": "1",
      "Group": "",
      "Description": "设置滑动视图索引值，默认为0",
      "Design": {
        "Type": "UInteger",
        "Data": []
      }
    },
    {
      "ID": "looping",
      "Name": "左右无限滑动",
      "Type": "Bool",
      "Type_JavaScript": "Bool",
      "DefaultValue": "false",
      "EditType": "0",
      "Group": "",
      "Description": "左右无限循环滑动视图，设置值为true表示支持无限循环滑动，默认为false，windows平台不支持",
      "Design": {
        "Type": "Boolean",
        "Data": []
      }
    },
    {
      "ID": "spacing",
      "Name": "间距",
      "Type": "Number",
      "Type_JavaScript": "Number",
      "DefaultValue": "30",
      "EditType": "0",
      "Group": "",
      "Description": "页间距",
      "Design": {
        "Type": "UInteger",
        "Data": []
      }
    },
    {
      "ID": "templates",
      "Name": "显示视图对应UI模板文件",
      "Type": "Node",
      "Type_JavaScript": "Node",
      "DefaultValue": "",
      "EditType": "0",
      "Group": "",
      "Description": "一个CoverFlowView可以有多个cell模板，这个属性是一个json array，每一个元素都是一个source ui文件，这些ui文件没有自己的逻辑代码，和CoverFlowView所在的page共用一个脚本环境。\r\n这个属性的格式类似如下：\r\n[\"source://view/cell1.ui\",\"source://view/cell2.ui\",\"source://view/cell3.ui]；多模版的大小需要一致",
      "Design": {
        "Type": "Richtext",
        "Data": []
      }
    }
  ],
  "Events": [
    {
      "ID": "indexChanged",
      "Description": "滑动显示当前视图后触发该事件",
      "ReturnType": "String",
      "ReturnType_JavaScript": "String",
      "ReturnDesc": "返回当前index"
    },
    {
      "ID": "touch",
      "Description": "点击cell触发",
      "ReturnType": "Node",
      "ReturnType_JavaScript": "Node",
      "ReturnDesc": "当前cell的index值"
    }
  ],
  "syncMethodes": [
    {
      "ID": "bindItems",
      "Name": "绑定视图模板数据",
      "Description": "绑定数据类型为do_ListData实例",
      "ReturnType": "",
      "ReturnType_JavaScript": "",
      "ReturnDesc": "",
      "Paras": [
        {
          "ID": "data",
          "Name": "数据",
          "Type": "Node",
          "Type_JavaScript": "Node",
          "Required": 0,
          "DefaultValue": "",
          "Description": ""
        }
      ]
    },
    {
      "ID": "refreshItems",
      "Name": "刷新数据",
      "Description": "支持动态刷新当前视图显示数据",
      "ReturnType": "",
      "ReturnType_JavaScript": "",
      "ReturnDesc": "",
      "Paras": []
    }
  ],
  "asyncMethodes": []
}