﻿{
  "ID": "do_Label",
  "IsContainer": "0",
  "Type": "UI",
  "Name": "标签框",
  "Version": "Internal",
  "Description": "文本标签框",
  "Icon": "https://deviceone.blob.core.chinacloudapi.cn/store/R/20150617/20a3d20c-2884-418d-b677-d2cdf62f74c8.png",
  "IOS": {
    "Support": 1,
    "MinVersion": "iOS 7.0"
  },
  "Android": {
    "Support": 1,
    "MinVersion": "4.0"
  },
  "Windows": {
    "Support": 1,
    "MinVersion": "8.1"
  },
  "WindowsPhone": {
    "Support": 1,
    "MinVersion": "8.1"
  },
  "Html": {
    "Support": 1,
    "MinVersion": "5.0"
  },
  "Properties": [
    {
      "ID": "fontColor",
      "Name": "字体颜色",
      "Type": "String",
      "DefaultValue": "000000FF",
      "EditType": "1",
      "Group": "",
      "Description": "获取或设置控件前景色，为8位16进制整数，前6位为rgb颜色值，后两位为透明度",
      "Design": {
        "Type": "Color",
        "Data": []
      }
    },
    {
      "ID": "fontSize",
      "Name": "字体大小",
      "Type": "Number",
      "DefaultValue": "17",
      "EditType": "1",
      "Group": "",
      "Description": "",
      "Design": {
        "Type": "UInteger",
        "Data": []
      }
    },
    {
      "ID": "fontStyle",
      "Name": "字体风格",
      "Type": "String",
      "DefaultValue": "normal",
      "EditType": "1",
      "Group": "",
      "Description": "字体的风格支持4种：normal：普通体 bold：粗体italic：斜体underline：下划线字体",
      "Design": {
        "Type": "List",
        "Data": [
          {
            "id": "normal",
            "value": "常规"
          },
          {
            "id": "bold",
            "value": "粗体"
          },
          {
            "id": "italic",
            "value": "斜体"
          },
          {
            "id": "bold_italic",
            "value": "粗斜体"
          }
        ]
      }
    },
    {
      "ID": "maxHeight",
      "Name": "最大高度",
      "Type": "Number",
      "DefaultValue": "100",
      "EditType": "0",
      "Group": "",
      "Description": "label的height为\"auto\"的时候，label会根据text内容自动适配变高，但是不会高于maxHeight",
      "Design": {
        "Type": "Text",
        "Data": []
      }
    },
    {
      "ID": "maxLines",
      "Name": "最多行数",
      "Type": "Number",
      "DefaultValue": "3",
      "EditType": "0",
      "Group": "",
      "Description": "label的最多行数，超过用...表示",
      "Design": {
        "Type": "UInteger",
        "Data": []
      }
    },
    {
      "ID": "maxWidth",
      "Name": "最大宽度",
      "Type": "Number",
      "DefaultValue": "100",
      "EditType": "0",
      "Group": "",
      "Description": "label的width为\"auto\"的时候，label会根据text内容自动适配变宽，但是不会宽于maxWidth",
      "Design": {
        "Type": "Text",
        "Data": []
      }
    },
    {
      "ID": "text",
      "Name": "文本显示内容",
      "Type": "String",
      "DefaultValue": "",
      "EditType": "1",
      "Group": "",
      "Description": "获取或设置与此控件关联的文本",
      "Design": {
        "Type": "Text",
        "Data": []
      }
    },
    {
      "ID": "textAlign",
      "Name": "文本对齐方式",
      "Type": "String",
      "DefaultValue": "left",
      "EditType": "0",
      "Group": "",
      "Description": "对齐方式为以下3种：left 左对齐（默认）；center 居中；right 右对齐",
      "Design": {
        "Type": "List",
        "Data": [
          {
            "id": "center",
            "value": "居中"
          },
          {
            "id": "left",
            "value": "左对齐"
          },
          {
            "id": "right",
            "value": "右对齐"
          }
        ]
      }
    },
    {
      "ID": "textFlag",
      "Name": "字体标示",
      "Type": "String",
      "DefaultValue": "normal",
      "EditType": "0",
      "Group": "",
      "Description": "包含3种类型：\\r\\nnormal：常规\\r\\nunderline ：下划线\\r\\nstrikethrough ：删除线",
      "Design": {
        "Type": "List",
        "Data": [
          {
            "id": "normal",
            "value": "常规"
          },
          {
            "id": "underline",
            "value": "下划线"
          },
          {
            "id": "strikethrough",
            "value": "删除线"
          }
        ]
      }
    }
  ],
  "Events": [],
  "syncMethodes": [],
  "asyncMethodes": []
}