﻿{
  "ID": "do_SlideView",
  "IsContainer": "0",
  "Type": "UI",
  "Name": "滑动视图",
  "Version": "Internal",
  "Description": "实现多个UIView切换平缓滑动效果，支持左右无限循环滑动",
  "Icon": "https://deviceone.blob.core.chinacloudapi.cn/store/R/20150617/5993c9b7-7962-49f3-9a6d-dc6ccc32409e.png",
  "IOS": {
    "Support": 1,
    "MinVersion": "7.0"
  },
  "Android": {
    "Support": 1,
    "MinVersion": "14"
  },
  "Windows": {
    "Support": 1,
    "MinVersion": "8.1"
  },
  "WindowsPhone": {
    "Support": 1,
    "MinVersion": "8.1"
  },
  "Html": {
    "Support": 1,
    "MinVersion": "5.0"
  },
  "Properties": [
    {
      "ID": "index",
      "Name": "当前滑动UIView索引",
      "Type": "Number",
      "DefaultValue": "",
      "EditType": "1",
      "Group": "",
      "Description": "设置当前滑动View索引值，默认为0",
      "Design": {
        "Type": "Text",
        "Data": []
      }
    },
    {
      "ID": "looping",
      "Name": "左右无限滑动",
      "Type": "Bool",
      "DefaultValue": "false",
      "EditType": "0",
      "Group": "",
      "Description": "支持左右无限循环滑动",
      "Design": {
        "Type": "Boolean",
        "Data": []
      }
    },
    {
      "ID": "templates",
      "Name": "View对应的模板UI文件组",
      "Type": "Node",
      "DefaultValue": "",
      "EditType": "0",
      "Group": "",
      "Description": "SlideView支持重复使用同一个.ui(View)模板或者是多个不同的模版，值类型为一个array node，View模版对应的是一个source ui文件。\\r\\n这个属性的格式类似如下：\\r\\n[\\\"source://view/1.ui\\\",\\\"source://view/2.ui\\\",\\\"source://view/3.ui]",
      "Design": {
        "Type": "Text",
        "Data": []
      }
    }
  ],
  "Events": [
    {
      "ID": "indexChanged",
      "Description": "滑动UIView加载完成后触发",
      "ReturnType": "String",
      "ReturnDesc": "返回当前index"
    }
  ],
  "syncMethodes": [
    {
      "ID": "bindItems",
      "Name": "绑定item的数据",
      "Description": "可绑定listData和hashDatad实例",
      "ReturnType": "",
      "ReturnDesc": "",
      "Paras": [
        {
          "ID": "data",
          "Name": "",
          "Type": "Node",
          "Required": 1,
          "DefaultValue": "",
          "Description": ""
        }
      ]
    },
    {
      "ID": "refreshItems",
      "Name": "刷新item数据",
      "Description": "",
      "ReturnType": "",
      "ReturnDesc": "",
      "Paras": []
    }
  ],
  "asyncMethodes": []
}