﻿{
  "ID": "do_Algorithm",
  "IsContainer": "0",
  "Type": "SM",
  "Name": "常用算法",
  "Version": "Internal",
  "Description": "包含一些常用的算法实现，包括md5算法、3DES算法、sha1安全哈希算法和Base64算法",
  "Icon": "",
  "IOS": {
    "Support": 1,
    "MinVersion": "7.0"
  },
  "Android": {
    "Support": 1,
    "MinVersion": "14"
  },
  "Windows": {
    "Support": 1,
    "MinVersion": "8.1"
  },
  "WindowsPhone": {
    "Support": 1,
    "MinVersion": "8.1"
  },
  "Html": {
    "Support": 1,
    "MinVersion": "5.0"
  },
  "Properties": [],
  "Events": [],
  "syncMethodes": [
    {
      "ID": "base64Sync",
      "Name": "Base64算法",
      "Description": "同步的Base64算法，只支持字符串的处理",
      "ReturnType": "String",
      "ReturnDesc": "返回base64后的值",
      "Paras": [
        {
          "ID": "type",
          "Name": "base64类型",
          "Type": "String",
          "Required": 0,
          "DefaultValue": "encode",
          "Description": "目前支持两种类型，'encode'为编码、'decode'为解码"
        },
        {
          "ID": "source",
          "Name": "需要base64的源数据",
          "Type": "String",
          "Required": 0,
          "DefaultValue": "",
          "Description": ""
        }
      ]
    },
    {
      "ID": "des3Sync",
      "Name": "3DES算法",
      "Description": "windows平台不支持",
      "ReturnType": "String",
      "ReturnDesc": "返回des3后的值",
      "Paras": [
        {
          "ID": "key",
          "Name": "des3秘钥",
          "Type": "String",
          "Required": 1,
          "DefaultValue": "",
          "Description": "3DES算法的key值"
        },
        {
          "ID": "type",
          "Name": "des3类型",
          "Type": "String",
          "Required": 0,
          "DefaultValue": "encrypt",
          "Description": "目前支持两种类型，'encrypt'为加密、'decrypt'为解密"
        },
        {
          "ID": "source",
          "Name": "需要md5的源数据",
          "Type": "String",
          "Required": 0,
          "DefaultValue": "",
          "Description": ""
        }
      ]
    },
    {
      "ID": "md5Sync",
      "Name": "md5算法",
      "Description": "同步md5算法，只支持字符串的处理",
      "ReturnType": "String",
      "ReturnDesc": "返回md5后的值",
      "Paras": [
        {
          "ID": "value",
          "Name": "需要md5的数据值",
          "Type": "String",
          "Required": 0,
          "DefaultValue": "",
          "Description": ""
        }
      ]
    },
    {
      "ID": "sha1Sync",
      "Name": "安全哈希算法",
      "Description": "主要适用于数字签名标准",
      "ReturnType": "String",
      "ReturnDesc": "返回SHA1加密后的值",
      "Paras": [
        {
          "ID": "type",
          "Name": "需要SHA1的数据类型",
          "Type": "String",
          "Required": 0,
          "DefaultValue": "lowercase",
          "Description": "目前支持两种类型，'uppercase'为加密后返回大写字母、'lowercase'为加密后返回小写字母"
        },
        {
          "ID": "value",
          "Name": "需要SHA1的数据值",
          "Type": "String",
          "Required": 0,
          "DefaultValue": "",
          "Description": ""
        }
      ]
    }
  ],
  "asyncMethodes": [
    {
      "ID": "base64",
      "Name": "Base64算法",
      "Description": "",
      "ReturnType": "String",
      "ReturnDesc": "返回base64后的值",
      "Paras": [
        {
          "ID": "type",
          "Name": "base64类型",
          "Type": "String",
          "Required": 0,
          "DefaultValue": "encode",
          "Description": "目前支持两种类型，'encode'为编码、'decode'为解码"
        },
        {
          "ID": "sourceType",
          "Name": "需要base64的数据类型",
          "Type": "String",
          "Required": 0,
          "DefaultValue": "string",
          "Description": "支持两种'string':字符串类型、 'file'：文件类型,如果是file类型的话，encode是把一个file读出内容编码为base64字符串，如果是decode的时候是把一个base64字符串解码为一个data://temp/随机名字的文件"
        },
        {
          "ID": "source",
          "Name": "需要base64的源数据",
          "Type": "String",
          "Required": 0,
          "DefaultValue": "",
          "Description": ""
        }
      ]
    },
    {
      "ID": "des3",
      "Name": "3DES算法",
      "Description": "",
      "ReturnType": "String",
      "ReturnDesc": "返回des3后的值",
      "Paras": [
        {
          "ID": "key",
          "Name": "des3秘钥",
          "Type": "String",
          "Required": 1,
          "DefaultValue": "",
          "Description": "3DES算法的key值"
        },
        {
          "ID": "type",
          "Name": "des3类型",
          "Type": "String",
          "Required": 0,
          "DefaultValue": "encrypt",
          "Description": "目前支持两种类型，'encrypt'为加密、'decrypt'为解密"
        },
        {
          "ID": "source",
          "Name": "需要md5的源数据",
          "Type": "String",
          "Required": 0,
          "DefaultValue": "",
          "Description": ""
        }
      ]
    },
    {
      "ID": "md5",
      "Name": "md5算法",
      "Description": "",
      "ReturnType": "String",
      "ReturnDesc": "返回md5后的值",
      "Paras": [
        {
          "ID": "type",
          "Name": "需要md5的数据类型",
          "Type": "String",
          "Required": 0,
          "DefaultValue": "string",
          "Description": "目前支持两种类型，'string'为字符串类型、'file'为文件类型"
        },
        {
          "ID": "value",
          "Name": "需要md5的数据值",
          "Type": "String",
          "Required": 0,
          "DefaultValue": "",
          "Description": "如果type为'string'类型，是一个字符串的值；如果为'file'类型，这就是一个文件的路径，只支持data://数据区目录"
        }
      ]
    },
    {
      "ID": "sha1",
      "Name": "安全哈希算法",
      "Description": "主要适用于数字签名标准",
      "ReturnType": "String",
      "ReturnDesc": "返回SHA1加密后的值",
      "Paras": [
        {
          "ID": "type",
          "Name": "需要SHA1的数据类型",
          "Type": "String",
          "Required": 0,
          "DefaultValue": "lowercase",
          "Description": "目前支持两种类型，'uppercase'为加密后返回大写字母、'lowercase'为加密后返回小写字母"
        },
        {
          "ID": "value",
          "Name": "需要SHA1的数据值",
          "Type": "String",
          "Required": 0,
          "DefaultValue": "",
          "Description": ""
        }
      ]
    }
  ]
}