﻿{
  "ID": "do_ListData",
  "IsContainer": "0",
  "Type": "MM",
  "Name": "列表数据源",
  "Version": "Internal",
  "Description": "ListData作为一个内存数据源 ,可以参考ListView的bindItems方法。也可以作为ListView，GridView的Item的数据集。它本质上是一个可变数组,可以增删改查.",
  "Icon": "https://deviceone.blob.core.chinacloudapi.cn/store/D/20160121/do_ListData/列表数据源.jpg",
  "IOS": {
    "Support": 1,
    "MinVersion": "iOS 7.0"
  },
  "Android": {
    "Support": 1,
    "MinVersion": "4.0"
  },
  "Windows": {
    "Support": 1,
    "MinVersion": "8.1"
  },
  "WindowsPhone": {
    "Support": 1,
    "MinVersion": "8.1"
  },
  "Html": {
    "Support": 1,
    "MinVersion": "5.0"
  },
  "Properties": [],
  "Events": [],
  "syncMethodes": [
    {
      "ID": "addData",
      "Name": "增加数据",
      "Description": "在list增加一个或多个数据，index是可选参数，如果该参数不填表示插入到队列最尾",
      "ReturnType": "",
      "ReturnDesc": "",
      "Paras": [
        {
          "ID": "data",
          "Name": "",
          "Type": "Node",
          "Required": 1,
          "DefaultValue": "",
          "Description": "要插入的数据"
        },
        {
          "ID": "index",
          "Name": "",
          "Type": "Number",
          "Required": 0,
          "DefaultValue": "",
          "Description": "表示要添加的位置，从0开始; 如果 index参数为空或者越界, 就添加到数组最后面"
        }
      ]
    },
    {
      "ID": "addOne",
      "Name": "插入一条数据",
      "Description": "在list增加一条数据，index是可选参数，表示要添加的位置，从0开始; 如果 index参数为空或者越界, 就添加到数组最后面",
      "ReturnType": "",
      "ReturnDesc": "",
      "Paras": [
        {
          "ID": "data",
          "Name": "",
          "Type": "Node",
          "Required": 1,
          "DefaultValue": "",
          "Description": "向数据集添加一条数据，该数据可为String,Number,Boolean, Array<String|Number|Boolean>, Object<String|Number|Boolean>.(能够被JSON.stringify序列化的类型)"
        },
        {
          "ID": "index",
          "Name": "",
          "Type": "Number",
          "Required": 0,
          "DefaultValue": "",
          "Description": "插入索引"
        }
      ]
    },
    {
      "ID": "getCount",
      "Name": "获取数量",
      "Description": "",
      "ReturnType": "Number",
      "ReturnDesc": "元素个数",
      "Paras": []
    },
    {
      "ID": "getData",
      "Name": "获取多条数据",
      "Description": "indexs数组中的每一个值表示要读取的索引位置，从0开始;其它越界的索引位置都返回null",
      "ReturnType": "String",
      "ReturnDesc": "行数据",
      "Paras": [
        {
          "ID": "indexs",
          "Name": "行数",
          "Type": "Node",
          "Required": 1,
          "DefaultValue": "",
          "Description": "表示需要得到的索引队列;如[0,2,3,4,6]"
        }
      ]
    },
    {
      "ID": "getOne",
      "Name": "获取某一行数据",
      "Description": "根据index获取特定行的数据，从0开始; 如果index参数小于0则取数组第一个元素；如果 index参数越界，则返回数组最后一个元素（如果数据源为空则返回null）",
      "ReturnType": "String",
      "ReturnDesc": "行数据",
      "Paras": [
        {
          "ID": "index",
          "Name": "行数",
          "Type": "Number",
          "Required": 1,
          "DefaultValue": "",
          "Description": ""
        }
      ]
    },
    {
      "ID": "getRange",
      "Name": "获取多条数据",
      "Description": "从起始索引到截止索引，获取多条数据",
      "ReturnType": "",
      "ReturnDesc": "",
      "Paras": [
        {
          "ID": "fromIndex",
          "Name": "起始索引位置",
          "Type": "Number",
          "Required": 1,
          "DefaultValue": "",
          "Description": "从0开始，fromIndex必须小于或等于toIndex"
        },
        {
          "ID": "toIndex",
          "Name": "截止索引位置",
          "Type": "Number",
          "Required": 0,
          "DefaultValue": "",
          "Description": "截止索引位置(可选项)，从0开始; 如果为空，则表示数组的最后一个元素位置"
        }
      ]
    },
    {
      "ID": "removeAll",
      "Name": "清空数据",
      "Description": "清除所有数据",
      "ReturnType": "",
      "ReturnDesc": "",
      "Paras": []
    },
    {
      "ID": "removeData",
      "Name": "删除特定行的对象",
      "Description": "根据多个index删除多条数据",
      "ReturnType": "",
      "ReturnDesc": "",
      "Paras": [
        {
          "ID": "indexs",
          "Name": "索引数组",
          "Type": "Node",
          "Required": 1,
          "DefaultValue": "",
          "Description": ""
        }
      ]
    },
    {
      "ID": "removeRange",
      "Name": "删除指定行数据",
      "Description": "从起始索引到截止索引删除多条数据",
      "ReturnType": "",
      "ReturnDesc": "",
      "Paras": [
        {
          "ID": "fromIndex",
          "Name": "起始索引位置",
          "Type": "Number",
          "Required": 1,
          "DefaultValue": "",
          "Description": "从0开始，fromIndex必须小于或等于toIndex"
        },
        {
          "ID": "toIndex",
          "Name": "截止索引位置",
          "Type": "Number",
          "Required": 0,
          "DefaultValue": "",
          "Description": "表示要删除的位置，从0开始; 如果为空或者越界，则表示数组的最后一个元素位置"
        }
      ]
    },
    {
      "ID": "updateOne",
      "Name": "更新一条数据",
      "Description": "更新特定行的数据，index表示要修改的位置，从0开始; 如果index参数为空或者越界就什么都不改",
      "ReturnType": "",
      "ReturnDesc": "",
      "Paras": [
        {
          "ID": "index",
          "Name": "数据索引",
          "Type": "Number",
          "Required": 1,
          "DefaultValue": "",
          "Description": ""
        },
        {
          "ID": "data",
          "Name": "数据",
          "Type": "String",
          "Required": 1,
          "DefaultValue": "",
          "Description": ""
        }
      ]
    }
  ],
  "asyncMethodes": []
}